"",website,find_date
0,https://pharo.tech,2021-01-01
1,https://cryptostats.community/,2022-01-01
2,https://gitcoin.co,2017-01-01
3,https://Chaineye.tools,None
4,https://ayoweccauganda.org,2023-04-18
5,https://talentdao.com,False
6,https://statwig.com,False
7,https://playart.vercel.app,None
8,https://treejer.com,2021-01-01
9,https://www.somleng.org,2016-01-01
10,https://www.gitcoin.co,2017-01-01
11,https://danielesalatti.com,False
12,https://kotanipay.com,2022-01-01
13,https://simplemap.io,2022-12-28
14,https://aedesproject.org,2021-06-17
15,https://aedesproject.org,2021-06-17
16,https://rahat.io,2023-01-01
17,https://Test.co,False
18,https://xcapit.com,2022-01-01
19,https://bioverse.io,2016-01-01
20,https://pixframesstudio.com,False
21,https://www.bioverselabs.com,2019-01-01
22,https://gitcoin.co,2017-01-01
23,https://twitter.com/stiamee,False
24,https://linktr.ee/iberoam,None
25,https://lunco.space,None
26,https://www.helpersfoundation.org/ways-to-give/,False
27,https://frontierdao-climate-solutions.carrd.co/,2022-12-12
28,https://duacrypto.com/,2023-05-03
29,https://Ibraheemleone.com,2017-01-01
30,https://decentralized-library.vercel.app/,None
31,https://decentralized-library.vercel.app/,None
32,https://Weseed.XYZ,2022-12-29
33,https://Blu3Global.org,2020-02-15
34,https://viewsdao.com/,None
35,https://github.com/rezahsnz/sovr,2023-01-01
36,https://parteifuergesundheitsforschung.de,2023-05-01
37,https://genki.io,2023-04-29
38,https://twitter.com/bordumbb,False
39,https://www.psychodao.xyz,False
40,https://bitcointalk.org/index.php?topic=5403064,2023-05-10
41,https://www.digitalsocial.id,2020-05-16
42,https://vuedapp.vercel.app,None
43,https://nimi.io,None
44,https://zkape.substack.com,2022-12-30
45,https://cashmere.exchange,None
46,https://www.zkblock.app,None
47,https://beaconcha.in/,2023-05-10
48,https://github.com/zk-nullifier-sig/zk-nullifier-sig,2023-04-20
49,https://ethstaker.cc/,2023-05-08
50,https://theshr.xyz,2023-01-01
51,https://benwest.blog,2022-11-16
52,https://ensdaonews.eth.limo,None
53,https://krebit.id,2023-01-01
54,https://lumeweb.com,2023-01-09
55,https://galaxchat.xyz,None
56,https://geoweb.land/,None
57,https://vusd.ai,False
58,https://bobjiang.notion.site/bobjiang/Gitcoin-China-3f84469c07d7482e9c1f5eeae58a2dd3,None
59,https://ethrank.io,2000-01-01
60,https://www.starkdefi.com,2012-08-08
61,https://wtf.academy,2023-01-01
62,https://ethers.org,2022-01-01
63,https://lenster.xyz,2008-01-01
64,https://nflow.online,None
65,https://depay.com,2023-02-21
66,https://dfarchon.xyz/,2020-01-01
67,https://poap.in,2022-01-01
68,https://trueblocks.io,2021-09-20
69,https://whitehatdao.com,None
70,https://itublockchain.com,None
71,https://metamail.ink,None
72,https://0xdeadlist.io,False
73,https://starksheet.xyz,2014-01-01
74,https://impersonator.xyz,None
75,https://darksea.market,None
76,https://zeroknowledge.fm,2022-11-27
77,https://github.com/fat-garage/wordblock,2023-01-01
78,https://hibiscus.tech/,2023-01-01
79,https://agroforestdao-ptbr.web.app/,2022-01-01
80,https://kokonut.network/,2022-01-01
81,https://www.solarpunkdao.earth/,None
82,https://www.bankless.community/,2022-01-01
83,https://vocdoni.io,2022-01-01
84,https://punk.domains,None
85,https://apeworx.io,2023-01-01
86,https://vyperlang.org,2022-09-27
87,https://solarfoundation.xyz,2017-05-02
88,https://pooltogether.com,2000-01-01
89,https://taterdao.com,None
90,https://metopia.xyz,None
91,https://vfat.tools,None
92,https://tinyurl.com/Myseelia,None
93,https://web3beach.io/,2018-12-11
94,https://defi-lab.xyz/,None
95,https://angryteenagers.xyz,2022-08-19
96,https://docs.upala.id/en/latest/,2022-10-18
97,https://www.plantsandpillars3.com,None
98,https://mintbot.io,2022-01-01
99,https://www.littertoken.xyz/,None
100,https://www.rh2o.app/,2022-12-28
101,https://rouge.network/,None
102,https://regensunite.earth,2012-07-31
103,https://eth.limo,None
104,https://www.regeneratebarichara.org,2022-01-01
105,https://revoke.cash,2023-01-01
106,https://eco-labs.xyz,2022-12-04
107,https://nicenode.xyz,2023-01-01
108,https://nativesintech.org,None
109,https://tallyho.org,2023-01-01
110,https://defillama.com/,False
111,https://otterscan.io,2022-12-09
112,https://opsci.io,False
113,https://betterdao.io,2022-11-17
114,https://www.gomangrove.com,2022-01-01
115,https://github.com/Dapp-Learning-DAO/Dapp-Learning,2023-05-09
116,https://tinyurl.com/SolarpunkNomads,2022-06-02
117,https://linktr.ee/Avano_io,None
118,https://dmeter.super.site,False
119,https://fileverse.io,2000-01-01
120,https://ethereum-on-arm-documentation.readthedocs.io/,2023-05-01
121,https://silvi.earth,2000-01-01
122,https://impactdaos.xyz,None
123,https://verificationinfra.notion.site,None
124,https://mrv.earth,2023-01-01
125,https://dao.allforclimate.earth/gitcoin/bundles/communityengagement,2023-01-01
126,https://tinyurl.com/gitcoincreative,None
127,https://BuidlGuidl.com,None
128,https://rotki.com,2023-01-01
129,https://enddomesticviolence.art,2016-01-01
130,https://uncloak.org,None
131,https://tinyurl.com/EmergingEconomiesBundle,None
132,https://linktr.ee/endangeredtokens,None
133,https://ethereum-magicians.org,2023-03-20
134,https://tinyurl.com/RegenerativeAgricultureBundle,None
135,https://refispring.com,2023-02-05
136,https://github.com/phated,2022-05-08
137,https://recommon.land,2022-01-01
138,https://bloomnetwork.earth,None
139,https://spect.network,None
140,https://relay.cc,2023-01-19
141,https://votingcontracts.eth.limo/,2022-06-08
142,https://resci.network,None
143,https://github.com/Soptq/forta-bot-umbra,2023-01-01
144,https://kokodao.xyz/,False
145,https://www.notion.so/Climate-Research-Bundle-Project-Description-4254cf8973f14b428feacc157dbc2021,False
146,https://ensideas.com/about,None
147,https://jolly-roger.eth.limo,None
148,https://lenstube.xyz,None
149,https://regen.foundation,2023-04-27
150,https://officercia.mirror.xyz,2023-05-02
151,https://lootpodcast.xyz/open-ai-podcast,2020-11-13
152,https://github.com/OffcierCia/DeFi-Developer-Road-Map,2023-05-07
153,https://github.com/OffcierCia/Crypto-OpSec-SelfGuard-RoadMap,2023-05-07
154,https://github.com/OpenZeppelin/contract-bots-gang,2023-01-01
155,https://www.kredeum.com,False
156,https://refibysouth.com,2023-04-24
157,https://bit.ly/RenewableEnergyGrant,None
158,https://shamba.network,2023-05-09
159,https://jolocom.io,2022-04-19
160,https://basex.com,None
161,https://www.notion.so/Bundle-Carbon-Markets-cc64342f73b9467f969b031811066397,None
162,https://bit.ly/3ZLiuHQ,None
163,https://astral.global,2022-01-01
164,https://vlinder.notion.site/Oceans-Forests-f3c665c5162547eea874ec031f0cd8fc,None
165,https://app.umbra.cash,None
166,https://beta.basin.global,1995-01-01
167,https://loanshark.tech,None
168,https://mavenhouse.io/,None
169,https://eff.org,2023-05-10
170,https://surgewomen.io,2023-03-08
171,https://www.notion.so/refi-dao/Community-Manager-Guild-643e545b6f5d4417b9352bc170fc5491,None
172,https://www.ethereum.cn/,2023-05-05
173,https://stereum.net,2023-04-26
174,https://datalatte.com,None
175,https://www.notion.so/atlantian/Atlantis-d22850ad241b469eb9c06d8d0c800ca4,False
176,https://scamsniffer.io,2020-03-16
177,https://ringsnetwork.io,2022-11-08
178,https://vestlab.io/,2023-01-01
179,https://refidao.com/,2011-02-04
180,https://zkrepl.dev,None
181,https://carbon-dao.com,2021-06-01
182,https://refispring.com,2023-02-05
183,https://earthist.notion.site/Earthist-Decentralize-Hemp-Seeds-Gitcoin-Alpha-d48f1494b9a94cfe9cb5d2a23770a63b,None
184,https://www.proofofintegrity.org/,None
185,https://github.com/DanieleSalatti/DAppNodePackage-optimism,2022-12-28
186,https://l2planet.xyz,2023-01-01
187,https://github.com/web3swift-team/web3swift/,2023-02-22
188,https://cyberbox.art/,2000-01-01
189,https://www.friendsofpooly.com,2022-02-14
190,https://devpill.me,2022-03-09
191,https://joincircles.net,2022-05-30
192,https://joincircles.net,2022-05-30
193,https://taho.xyz,2023-01-01
194,https://zeropool.network,None
195,https://soulwallets.me,2020-01-01
196,https://www.brightid.org,2000-01-01
197,https://dmetertry.webflow.io,2014-01-01
198,https://gitcoin.co/grants/1632/rektnews-the-dark-web-of-defi-journalism,2000-01-01
199,https://lexdao.coop,2023-03-14
200,https://IDriss.xyz,None
201,https://smol-evm.glitch.me,2022-01-01
202,https://talentdao.io,False
203,https://github.com/venglov/Malicious-Contract-Detector,2023-01-01
204,https://seedle.finance,None
205,https://school.3box.tech,2000-01-01
206,https://someresat.medium.com,2022-09-11
207,https://defillama.com,False
208,https://lodestar.chainsafe.io,None
209,https://esteroids.eth.limo,None
210,https://optinames.eth.limo,None
211,https://0xecho.com,None
212,https://www.opencampus.com.tr,2022-09-11
213,https://github.com/kovart/forta-aztec-money,2023-01-01
214,https://github.com/kovart/forta-ens-spoofing,2023-01-01
215,https://chainlist.org/,2019-01-04
216,https://ethleaderboard.xyz,2023-03-14
217,https://github.com/sigp/lighthouse,2023-04-20
218,https://commonsstack.org/,2022-05-01
219,https://app.givestation.org,None
220,https://www.climateguardians.io,2022-07-01
221,https://l2beat.com,2019-12-04
222,https://www.orgassign.site/,None
223,https://www.thelabordao.com/,2022-01-01
224,https://giveth.io/,2023-05-10
225,https://www.web3mq.com,None
226,https://proofofhumanity.eth.limo,2022-11-24
227,https://ubi.eth.limo,2022-09-06
228,https://leastauthority.com/community-matters/moonmath-manual/,False
229,https://turboeth.xyz,None
230,https://www.blockscout.com,None
231,https://www.livingground.art,2022-11-01
232,https://wagmi.sh,2023-01-01
233,https://www.inverter.network,None
234,https://www.shefi.org,1999-01-01
235,https://gitcoin.co/grants/7785/orb,2023-01-01
236,https://thesciencecommons.org,None
237,https://dwebcamp.org,2023-04-03
238,https://guardianui.com,2023-01-01
239,https://philand.xyz,2022-01-01
240,https://jediswap.xyz,2023-04-05
241,https://coinbase-kyd-showroom.redstone.finance/,None
242,https://www.lighthouse.storage/,2023-01-01
243,https://minipent.xyz,2022-08-18
244,https://app.poolypals.com,None
245,https://theneptuneproject.earth/,None
246,https://twitter.com/zachxbt,False
247,https://metagov.org,False
248,https://decartography.com/,None
249,https://github.com/eth-infinitism/account-abstraction,2023-04-24
250,https://10kswap.com,None
251,https://www.escrowdapp.com,False
252,https://lunardao.net,2023-04-07
253,https://cariolink.net,False
254,https://willer-ui.vercel.app,None
255,https://safetransfer.cash,None
256,https://sawacrypto.com,None
257,https://www.coincashew.com,2023-05-09
258,https://peanut.to,2021-11-25
259,https://www.poopsnft.io,2023-04-01
260,https://www.zkvote.app,None
261,https://nfturbo.io,False
262,https://ipv4dao.io,2023-04-28
263,https://github.com/Msiusko/web3privacy,2023-05-08
264,https://www.pci.life/,2022-06-18
265,https://github.com/DigitalTrustProtocol/DWoTR,2023-01-01
266,https://www.nofunzone.xyz/,2020-09-08
267,https://lynx.earth,None
268,https://augmntd.xyz,2023-02-02
269,https://ascendant.fun,2023-01-01
270,https://www.manggo.tech,2000-01-01
271,https://wireshape.org,None
272,https://unitchain.org,None
273,https://github.com/KittenYang/SafeSnap,2023-02-09
274,https://block2030.com,None
275,https://ss.com,2000-01-01
276,https://www.oland.info/home,2012-01-09
277,https://github.com/gaudren/Wallet-Test-Framework,2023-01-01
278,https://moonbase.app,False
279,https://inkfinance.xyz,2022-08-16
280,https://temdao.io/,2016-01-01
281,https://neurodiversiteit.nl,2019-04-30
282,https://dune.com/jacekt/nft-moolah-manager-track-your-nft-profits-and-losses,False
283,https://www.alphahq.io/,2022-07-11
284,https://glodollar.org,2023-01-01
285,https://xyz.xyz,2015-01-01
286,https://bit.ly/bee-gitcoin,2023-04-27
287,https://epicenter.tv/,2016-06-01
288,https://www.theanimalage.com,None
289,https://app.solcheck.xyz,2023-02-28
290,https://100percent.site/treaty,2021-01-01
291,https://aurellionlabs.com,2022-01-01
292,https://edenresilience.co.za,2019-08-20
293,https://rhinoreview.substack.com/,2023-05-04
294,https://bhau.gitbook.io/archimedes-lever-1/,2023-04-10
295,https://github.com/Elnaril/uniswap-universal-router-decoder,2023-03-18
296,https://cosmosforhumanity.eu/en,2023-05-09
297,https://zkpod.ai,None
298,https://gravitydao.org/en/,2023-03-31
299,https://tucultura.co/,2021-01-01
300,https://dagora.xlog.app/dAgora---Never-Create-Alone--en,2023-04-05
301,https://www.911truth.com,2016-01-01
302,https://frak.id,None
303,https://www.sharona.io,None
304,https://sites.google.com/d/1Hvsw0Y2jIhl3TKxfJHaKozg1sIPv69_E/p/1KUWGoAH9O9i4nBp0tN18bmKsvxVFsFe2/edit,None
305,https://safi.eco,2023-01-01
306,https://dot-alert.gitbook.io/dot.alert/,2023-05-06
307,https://beaconcha.in,2023-05-10
308,https://github.com/neume-network,2023-05-02
309,https://eth-docker.net,2023-01-01
310,https://r3wild.co,2023-01-01
311,https://kakarot.org,2022-01-01
312,https://abundance.id,2004-01-01
313,https://abundance.id,2004-01-01
314,https://github.com/vporton/carbon-flow,2023-01-01
315,https://fundprogress.carrd.co/,None
316,https://science-dao.com/salaries-science/,2021-05-10
317,https://plebbit.com,2023-01-01
318,https://mybackpack.app,2022-01-01
319,https://factland.org,2022-01-01
320,https://zkape.substack.com/,2022-12-30
321,https://lenstags.xyz/,None
322,https://Digicu.lt,None
323,https://pepemon.world,2020-01-01
324,https://downtoken.wtf,2022-10-03
325,https://cryptocurrencyjobs.co/,2023-05-10
326,https://www.first721.com,2017-11-23
327,https://directed.dev/,2000-01-01
328,https://researchhub.com,2000-01-01
329,https://drinkuplabs.com,None
330,https://galaxchat.xyz,None
331,https://nflow.online,None
332,https://gpad.online,None
333,https://ekonavi.com,2021-01-05
334,https://linktr.ee/mesoreefdao,None
335,https://revolte.app,2023-01-01
336,https://growstudio.io,2023-03-13
337,https://Nofunzone.xyz,2020-09-08
338,https://www.proofofintegrity.org,None
339,https://topia.network,2023-01-01
340,https://xlog.app,2023-05-10
341,https://actocracy.com,2023-01-01
342,https://evmcrispr.eth.limo,None
343,https://wayback-machine.eth.limo,None
344,https://www.health-x-change.com,2022-01-01
345,https://lobby3.org/devox,False
346,https://www.ostrom.world/,2022-01-01
347,https://harberger.money,None
348,https://sunguramjanjarefi.com,2022-09-01
349,https://book-women-of-desci.carrd.co/,None
350,https://heynate.me,2007-01-01
351,https://pairwise.generalmagic.io/,2023-02-05
352,https://link.gitcoin.co/grantee,False
353,https://metagov.org,False
354,https://sites.google.com/view/nowyourself/home,2023-01-01
355,https://daostar.org,None
356,https://dropstab.com,None
357,https://web3talentfair.tech,2022-04-07
358,https://impactdaos.xyz,None
359,https://vanya.ai,False
360,https://ki.bi,2022-01-01
361,https://www.instagram.com/burningsissyvalley/,2022-01-01
362,https://lunapark.social,2023-02-09
363,https://www.testing.dev,2023-01-01
364,https://cdaa.plannerdao.com/,None
365,https://regenbuild.earth,False
366,https://www.zaliban.com,None
367,https://pod.link/eth,2023-05-10
368,https://mirror.xyz/fabioanaya.eth,2023-05-02
369,https://www.unistreaming.info/,2022-09-20
370,https://www.banklessbr.com/,2023-01-01
371,https://kulturecity.org,False
372,https://linktr.ee/hazelapp,None
373,https://defight.me,2011-01-01
374,https://twitter.com/kongosquare,False
375,https://www.notion.so/beepto/DAO-Governance-Collective-a4b56a0f0e2747f1a880d77f9575bd10?pvs=4,None
376,https://descicommons.org,2023-01-01
377,https://researchhub.com,2000-01-01
378,https://bubble.observer,None
379,https://www.builtdifferent.foundation,False
380,https://www.prblockchain.org,False
381,https://kodawari.io,2016-01-01
382,https://adors.org/,None
383,https://growstudio.io,2023-03-13
384,https://boringsecurity.com,None
385,https://climecheck.network,None
386,https://warmoff.com,2023-01-01
387,https://satsdaily.io,2023-05-10
388,https://www.kernel.community/,None
389,https://zaratan.world/mirror,2023-03-29
390,https://soypulsoverde.co,False
391,https://ebodao.org/,2023-05-09
392,https://ebodao.org/,2023-05-09
393,https://app.shapeshift.com,None
394,https://www.dexgrid.io,None
395,https://fundpg.xyz,None
396,https://www.Governator.xyz,2000-01-01
397,https://www.enlightenedworldview.com/courses/meta-crisis/,False
398,https://thunder.im,2023-04-24
399,https://crypto-fundraising.info,2023-04-21
400,https://twitter.com/DeSciAfrica,False
401,https://weekinethereumnews.com,2023-05-06
402,https://nftprotect.app,2000-01-01
403,https://fightersgang.eth.co,2023-01-01
404,https://trustedseed.org,2022-12-09
405,https://viaprize.org,None
406,https://phoenixcover.com,2022-01-01
407,https://factland.org,2022-01-01
408,https://7Energy.at,2023-01-01
409,https://minerva.digital,2022-11-22
410,https://mobile.twitter.com/crypto_wolf_of,False
411,https://orgo.earth,False
412,https://www.cognicism.org,2017-05-12
413,https://kula.earth,False
414,https://tokenomicshub.xyz,2023-01-01
415,https://smartran5.vercel.app/,2022-01-01
416,https://www.blueappliedtech.com/,2019-02-10
417,https://ensredirect.xyz/,None
418,https://theslipstream.com,None
419,https://nftpricefloor.com/,2022-12-21
420,https://www.web3afrika.com,None
421,https://github.com/ScopeLift/flexible-voting,2023-04-04
422,https://linktr.ee/mesoreefdao,None
423,https://kokodao.xyz/,False
424,https://dappnode.com,2023-02-17
425,https://rave.domains,2020-01-01
426,https://www.facebook.com/profile.php?id=100088418532277,None
427,https://www.twittens.xyz,2023-01-01
428,https://dhk.org/en/declaration/,2023-03-15
429,https://www.notion.so/plantgang/PlantGang-Overview-c614ebb703f8475cb56ab7630b1e8769,False
430,https://www.atxdao.com,2023-05-08
431,https://robots-txt.xyz,None
432,https://thesciencecommons.org,None
433,https://opencollective.com/climate-change-countdown,2022-07-18
434,https://www.dreamdao.xyz/,2022-01-01
435,https://plebbit.com,2023-01-01
436,https://www.atxwiw3.com,2022-09-10
437,https://www.llsd.xyz,2023-04-17
438,https://candidewallet.com,None
439,https://www.zkode.xyz,None
440,https://espacofacil.pt,False
441,https://actocracy.com,2023-01-01
442,https://daotimes.com,2023-05-04
443,https://blocksec.com/metadock,2023-01-01
444,https://mirror.xyz/0xF1ff2183d392B5b3F805781F74BBCe2dab3913Ce/zNv1W_mTJqvV1LjSBNqBl7-Y-N4GxZsWhYRDEoXpivE,2023-04-17
445,https://actocracy.com,2023-01-01
446,https://www.openmeta.network,2023-01-01
447,https://samsarasnadir.xyz,2023-02-19
448,https://coltron.io,False
449,https://machina.gg,None
450,https://dropstab.com/products/etherdrops-bot,2018-01-01
451,https://holons.io,None
452,https://ethstaker.tax,2023-01-01
453,https://chokepoint.exchange,2023-03-09
454,https://404dao.io,2000-01-01
455,https://www.metacrypt.org/tools/uniswap-v3-calculator-simulator/,2023-01-01
456,https://www.notion.so/metagals/MetaHub-716cc5b58b0147b4bc7a242c0df4421b,False
457,https://www.advantageblockchain.com,2016-01-01
458,https://github.com/developerfred,2022-05-08
459,https://gospelofchange.com/,None
460,https://bwbc.io,2023-05-08
461,https://fusion.li,None
462,https://kernel.community/,None
463,https://empathia.social,2023-01-01
464,https://provingground.studio,2007-01-01
465,https://buzhidao.tw,2022-01-01
466,https://road2crypto.com,2023-01-01
467,https://ranna.pt,2011-01-01
468,https://crowdfundedcures.org/,2022-08-25
469,https://greenpill.party,None
470,https://dgguardians.com/,2023-04-01
471,https://Alkebuleum.org,None
472,https://ed3dao.com,2022-12-20
473,https://www.surgewomen.io,2023-03-08
474,https://gainforest.earth,2023-01-01
475,https://voicecraft.io,2023-04-28
476,https://cp0x.com,2023-05-09
477,https://www.etheriot.xyz/,2020-07-24
478,https://slickwallet.xyz,2021-09-01
479,https://projectregro.com,None
480,https://daolize.com,None
481,https://decert.me,None
482,https://twitter.com/urbeEth,False
483,https://test.barbnft.io/#/,False
484,https://www.pranah.co,2000-01-01
485,https://www.apes2punks.com,None
486,https://www.useweb3.xyz/,2000-01-01
487,https://buidlguidl.com,None
488,https://defiwars.xyz,2023-02-23
489,https://noneyet.com,2023-01-01
490,https://rightfulshare.org,False
491,https://1W3.eth.limo,2022-12-01
492,https://polls.blurtkey.com/,None
493,https://drakeshot10559.github.io/benzin/,False
494,https://Forby.io,2023-02-20
495,https://www.activeinference.org/research/active-blockference,2023-01-01
496,https://doughn8.io,2022-01-01
497,https://github.com/t46/research-automation-white-paper,2023-01-01
498,https://github.com/Omni-Analytics-Group/eth-data-science-course,2023-04-17
499,https://www.byebyeplastic.life/,2022-01-01
500,https://rebioca.com,2022-01-01
501,https://hiwomenbiz.com/,2023-01-13
502,https://pastoral-library-920.notion.site/Andino-Community-bc73966d631548989479b4d2cdc23cf9,None
503,https://tproof.io,2000-01-01
504,https://Web3Domains.com,2023-04-20
505,https://carbonable.io,2023-03-29
506,https://twitter.com/0xEduSchool,False
507,https://ladreammachine.substack.com/,2022-11-22
508,https://res.uros.kalabic.rs/projects/bme,2023-01-01
509,https://www.cryptoaltruism.org/,2023-04-27
510,https://csensemakers.com,False
511,https://protocol-guild.readthedocs.io/en/latest/,2023-04-27
512,https://archive.org,None
513,https://poi.chainway.xyz,None
514,https://www.axondao.io,2016-01-01
515,https://tkn.eth.limo,None
516,https://hertribe.xyz,None
517,https://ecorise.finance/,2023-01-01
518,https://sadaiv.io,2023-01-01
519,https://everyname.xyz,2023-01-01
520,https://Reach.sh,2000-01-01
521,https://blobscan.com,2023-01-01
522,https://blobscan.com,2023-01-01
523,https://coffeeimpact.co,False
524,https://whitehatdao.com,None
525,https://helpandgrow.notion.site/Proof-of-Volunteer-Protocol-POVP-94cdf9e1e9f94b60b0be8ad80dc29058,None
526,https://www.wildlifemovement.org,False
527,https://setonstone.org,False
528,https://poapathon.com,2022-04-12
529,https://fiatconnect.org,2022-05-21
530,https://thewrightsuccess.com/,2023-01-01
531,https://pactcollective.xyz,2021-02-19
532,https://emerging.eco,2023-01-01
533,https://desciyouths.wordpress.com,2023-04-15
534,https://www.meetcrypto.info,2023-04-15
535,https://www.governator.xyz/,2000-01-01
536,https://metopia.xyz,None
537,https://pact.social,False
538,https://uniswap.fish,None
539,https://explorerx.vercel.app,None
540,https://yc.finance,None
541,https://www.degendennft.xyz,2023-04-19
542,https://www.youtube.com/channel/UCj52P0l3-RyPedhSl16TmBw,2023-05-09
543,https://www.haaroonyousaf.com,2019-08-15
544,https://dapp.gameland.network,None
545,https://stackly.eth.limo,None
546,https://sisu.xyz,2022-06-10
547,https://ensdata.net,2023-01-01
548,https://theseedsofscience.org,2021-04-26
549,https://tecommons.org,None
550,https://proofofzero.com,2022-01-01
551,https://www.her-dao.xyz,2022-11-06
552,https://remittdao.io/,2023-01-02
553,https://eppie.io,2022-01-01
554,https://testdata.com,False
555,https://facebook.com/groups/738985467931569,2011-01-01
556,https://twitter.com/greenpill_japan,False
557,https://github.com/emjicy/Oxcart,2023-04-19
558,https://thetreegens.com,None
559,https://kumo.earth,1996-01-01
560,https://liker.land/en/writing-nft,2022-01-01
561,https://www.techbychoice.org/programs/tbc-together,2020-01-01
562,https://sprintcheckout.com,2023-05-10
563,https://github.com/stake-house/eth-wizard,2022-12-13
564,https://bloomeria.org,2023-03-25
565,https://linktr.ee/nawonmesh,None
566,https://www.mantleswap.org/,None
567,https://monograma.io,None
568,https://sofamon.xyz/,2020-01-01
569,https://oxygenchain.earth,None
570,https://index.option.app,2023-03-07
571,https://github.com/zkonduit/ezkl,2023-05-08
572,https://www.infinitegarden.art/cards,None
573,https://fatcat.money,False
574,https://bit.ly/40j77FT,None
575,https://www.mentalwealthacademy.io,2023-04-24
576,https://www.superchiefgallerynft.com,2022-11-24
577,https://padolabs.org,None
578,https://primordiumdao.xyz,None
579,https://playgotchi.framer.website,2023-04-12
580,https://www.accessorlabs.org/,2017-08-11
581,https://heavens.tools,2000-01-01
582,https://linktr.ee/mycelia,None
583,https://signless.xyz,2023-01-01
584,https://elephantroom.ca,2019-05-14
585,https://civol.earth,None
586,https://cryptokoffee.co,2022-01-01
587,https://beacons.ai/ethbolivia,False
588,https://crowdmuse.com,2021-02-15
589,https://slice.so,2020-01-01
590,https://zbradao.xyz,False
591,https://makewater.org,False
592,https://cryptoconexion.com/,2023-04-25
593,https://scrumdao.org,None
594,https://proots.dev/,False
595,https://linktr.ee/staketogether,None
596,https://project-lion-ai.github.io/hello-world/,None
597,https://intheory.app,2023-01-01
598,https://metaphasemgt.com,False
599,https://3bra.com,None
600,https://web3forgood.substack.com/,2023-05-05
601,https://planetarycouncil.org,2021-10-26
602,https://ensnews.eth.limo/,None
603,https://nextme.one,1996-01-01
604,https://cryptobabesclub.com,False
605,https://github.com/aikilabs/aikipay,2023-01-01
606,https://dao999nft.com,2023-01-01
607,https://www.basin.global,None
608,https://via.exchange,2022-01-01
609,https://hq.leto.xyz,2023-03-31
610,https://www.simbiotica.finance/,2022-10-08
611,https://tingbits.com,2023-05-09
612,https://github.com/prettier-solidity/prettier-plugin-solidity,2023-05-09
613,https://www.youtube.com/watch?v=iyzDFiHQAKI,2023-04-19
614,https://dazeart.xyz/,None
615,https://www.cryptonikasdao.xyz,None
616,https://algovera.ai,2023-01-01
617,https://bridgit.io/metaweb-book,2021-01-01
618,https://tulumcoin.mx,2022-01-01
619,https://solarpunkgeneration.carrd.co/,None
620,https://github.com/accountjs/aa-research,2023-01-01
621,https://www.knotstudios.net,2021-09-24
622,https://data2.cash,None
623,https://getblock.io/,2023-01-01
624,https://nfp.garden,False
625,https://safe.signless.xyz,None
626,https://lensclubs.xyz,2023-01-01
627,NaN,False
628,https://www.statelessart.org,None
629,NaN,False
630,https://eips.fun,None
631,NaN,False
632,https://greenpill.party/,None
633,NaN,False
634,https://artxv.org,2023-01-01
635,NaN,False
